return probability of panel,panel member 1,panel member 2,panel member 3,panel member 4,panel member 5,panel member 6,panel member 7,panel member 8,panel member 9,panel member 10,panel member 11,panel member 12,panel member 13,panel member 14,panel member 15,panel member 16,panel member 17,panel member 18,panel member 19,panel member 20,panel member 21,panel member 22,panel member 23,panel member 24,panel member 25,panel member 26,panel member 27,panel member 28,panel member 29,panel member 30
0.003217212253579631,33,34,234,235,340,349,351,407,410,424,426,440,470,488,514,515,602,615,643,684,689,742,755,840,847,913,939,957,958,980
0.0058388441861023516,90,132,136,162,196,202,323,356,426,431,501,527,563,576,626,627,689,696,859,873,879,908,926,928,932,939,945,948,966,987
0.00024291853672030268,19,39,100,110,117,120,135,169,186,203,223,233,248,409,424,457,466,648,677,686,694,697,713,715,722,724,742,775,785,980
0.009868254355432773,13,34,99,100,184,190,223,303,304,319,332,370,376,388,406,424,434,542,553,559,598,621,622,623,724,806,828,913,943,980
0.0016635185254046992,63,90,110,117,129,132,135,300,358,398,424,447,626,627,659,684,686,694,713,717,727,742,775,791,869,880,883,928,939,980
0.004842927116817193,54,76,100,168,169,223,234,342,393,404,466,470,488,514,515,524,530,532,535,565,568,661,720,724,782,785,829,883,918,980
0.004797020482972447,34,110,117,119,186,236,277,278,298,381,401,532,537,602,698,717,751,755,775,791,795,798,832,842,863,957,958,963,978,984
0.0005776493943193708,5,90,129,153,177,179,202,210,300,329,334,341,347,358,398,403,432,532,548,626,627,701,717,727,730,762,855,863,894,928
0.006313729530467286,1,98,117,169,199,219,351,356,404,407,431,446,451,466,585,720,744,752,755,760,762,782,785,837,847,853,877,883,895,957
0.003809336046095843,8,49,83,99,164,169,179,208,327,357,370,376,388,474,542,558,590,594,632,653,665,671,740,761,792,854,855,883,933,943
0.012175045934355639,1,39,43,92,199,203,224,248,264,409,432,467,555,564,585,624,659,675,690,703,744,750,752,786,823,861,877,919,925,967
0.00212154909838721,9,46,76,87,177,184,280,318,329,332,334,341,432,434,438,460,466,511,548,575,631,661,736,739,747,782,785,894,914,970
0.00019454253631209588,8,49,83,136,158,162,164,267,277,323,376,379,395,446,474,501,516,527,590,653,674,696,698,725,732,740,751,761,854,943
0.0034055530079531585,34,99,213,234,235,291,327,381,388,401,440,447,470,488,514,515,516,524,537,542,558,698,725,732,749,751,792,863,913,953
0.007799991658099526,9,54,87,158,168,169,277,278,280,298,342,370,376,379,381,438,511,530,535,568,674,698,708,751,883,914,943,970,978,984
0.0008816614736644066,1,46,115,164,169,177,196,199,208,356,431,472,516,563,575,576,585,590,594,653,659,747,752,762,784,854,877,894,926,932
0.000785867086863273,5,54,94,98,153,158,168,169,196,202,342,356,357,370,376,379,431,451,530,535,576,623,626,671,708,730,760,883,926,943
0.008565506445669283,19,39,63,203,303,304,319,357,358,424,456,555,598,615,621,622,623,624,659,665,667,684,690,697,742,869,880,883,933,980
0.004455410588833343,1,13,87,164,179,199,208,269,280,337,406,438,496,562,563,564,585,590,594,653,659,744,752,802,805,828,854,877,883,955
0.0033910327286422446,8,12,83,85,130,179,208,264,332,337,434,460,474,482,496,594,659,703,740,802,825,854,855,883,948,966,987,992,994,996
0.0037965472914712577,39,115,129,137,144,186,203,241,248,254,327,409,415,436,448,467,472,558,701,717,727,750,784,792,825,855,913,919,925,996
0.011204891502192739,34,92,137,144,186,213,241,254,267,291,298,381,401,415,447,448,516,555,653,675,690,717,725,727,732,814,861,953,967,978
0.002011886311660053,9,76,87,119,219,236,280,357,370,404,438,466,511,602,632,659,665,671,686,720,755,782,785,832,883,914,933,943,957,970
0.006381916781504661,9,33,43,46,103,177,184,224,264,318,329,332,334,341,345,426,432,434,511,548,553,559,575,631,689,703,739,747,786,806
0.001521836135904696,8,49,83,94,98,120,169,219,233,234,404,457,466,470,474,488,514,515,524,565,648,665,715,720,722,740,761,785,855,883
0.0003953311750854886,19,39,43,99,110,117,169,224,303,304,319,327,388,456,542,558,615,624,661,684,697,713,775,791,792,795,798,823,842,883
0.0025875061432222776,129,158,162,164,202,267,277,323,379,395,415,424,516,555,590,653,659,674,675,690,696,701,717,727,732,814,854,855,883,980
0.0028602287871255056,43,186,224,233,235,261,275,278,292,303,304,319,345,363,389,410,440,553,559,624,644,648,722,786,806,823,875,913,978,984
0.002139449364507134,33,87,132,179,261,269,280,318,329,334,341,345,349,363,426,432,438,548,627,631,644,689,736,739,805,840,875,914,939,955
0.004004412965281175,9,13,19,34,87,99,158,184,267,277,303,304,319,376,379,388,395,406,511,542,553,559,674,697,806,814,828,913,914,970
0.00786518944428795,100,136,146,160,162,190,223,323,393,436,467,501,521,527,532,598,621,622,623,667,696,724,750,751,829,863,919,925,958,963
0.0036215376818468075,19,39,100,170,203,223,233,248,261,303,304,319,393,409,432,532,548,644,648,697,722,724,829,875,908,945,966,980,987,994
0.004037824768048271,83,85,129,130,169,213,261,447,474,516,562,564,631,644,653,701,717,725,727,732,736,739,744,749,855,875,877,883,948,949
0.0001400974797675893,33,46,115,129,169,186,190,340,349,426,472,474,565,568,575,598,621,622,623,643,667,701,717,727,747,784,840,855,958,963
0.005936038407357058,19,34,39,132,234,235,261,275,292,303,304,319,363,389,410,440,456,615,624,627,644,648,684,697,722,736,823,875,913,939
0.005303698113589815,34,99,135,164,186,208,291,327,388,401,516,532,537,542,558,564,590,594,653,677,686,694,713,725,732,744,792,854,863,877
0.0014366742215848596,34,76,98,129,146,160,219,236,267,351,395,404,407,466,602,661,667,674,677,701,717,720,727,755,782,785,814,913,953,957
0.0010287260715665717,1,12,34,63,129,199,213,337,436,447,467,482,521,585,701,717,725,727,732,749,750,752,762,869,877,894,913,953,992,994
0.0031993211819621088,9,90,120,153,184,186,202,233,234,235,275,292,332,389,410,434,440,457,470,511,626,648,715,722,724,730,829,913,928,970
0.0034599654549059018,19,144,184,186,196,254,261,267,277,303,304,319,332,395,415,553,559,563,576,631,644,674,736,739,806,814,875,913,926,932
0.0010874105973827392,1,100,110,162,213,223,323,424,436,447,467,501,521,555,615,657,684,696,742,749,750,752,762,775,791,795,894,919,925,980
1.555151241612156e-05,19,34,39,103,160,170,186,203,248,291,324,337,347,401,409,482,532,537,566,632,665,667,697,750,863,919,925,933,974,992
0.005756397258209066,33,49,85,120,130,137,144,164,166,169,179,208,241,446,448,451,457,590,594,653,657,715,760,761,825,837,852,854,895,996
0.00040834872698427416,83,120,129,130,166,199,213,436,447,457,466,467,474,521,562,564,657,659,701,715,717,725,727,744,749,852,855,877,948,949
0.0007531692580317202,76,110,117,169,196,233,261,278,298,356,431,451,460,532,644,648,661,686,694,713,722,760,775,791,795,837,875,883,978,984
0.0010310728906390073,33,87,137,144,184,186,241,254,332,349,351,407,415,426,434,438,448,532,553,602,689,755,825,840,847,913,914,957,970,996
0.004774106995577084,5,34,94,98,186,219,264,291,292,318,329,334,341,345,351,363,389,401,404,407,466,537,602,720,755,782,785,847,953,957
0.004260119885119648,34,115,186,248,275,292,318,327,334,341,345,363,389,393,401,409,467,472,532,537,558,750,751,784,792,863,919,925,958,963
0.0057306402388249515,8,46,49,83,85,130,169,213,446,447,474,516,521,562,564,575,631,659,725,732,736,739,740,744,747,749,761,877,948,949
0.0012373363555678335,76,162,166,169,196,275,292,318,334,341,345,356,363,389,431,451,460,466,527,576,657,661,696,720,760,782,785,852,980,984
0.002691404149184294,85,103,130,264,278,298,347,356,381,432,446,451,566,657,686,694,698,713,751,760,837,847,853,895,948,958,963,978,984,996
0.0027551148936491724,5,9,12,63,87,94,98,153,186,190,219,404,438,482,511,515,524,565,568,598,621,622,659,720,785,869,880,914,970,992
0.004984309804712729,13,43,94,98,169,179,184,219,224,264,280,332,337,406,434,438,496,659,703,775,786,791,795,798,802,828,842,859,873,879
0.002900759674058434,13,34,100,186,275,278,292,298,318,337,341,345,363,389,393,406,410,436,467,496,521,532,724,750,802,828,829,919,925,978
0.002386901409702471,5,9,34,87,94,98,115,153,219,234,235,327,404,466,470,472,488,511,514,515,524,565,675,720,784,785,792,913,914,970
0.006750752246963421,33,120,129,132,135,146,160,166,208,424,426,457,594,627,657,659,667,677,686,689,694,701,713,715,717,727,742,852,939,980
0.0026481136246399375,1,9,54,76,177,184,264,329,332,342,432,434,466,511,535,540,553,585,661,663,703,708,752,762,782,785,786,894,913,970
0.009939229834457794,1,8,49,83,90,103,153,169,177,199,202,210,300,347,398,403,474,585,626,627,730,740,752,761,762,855,873,883,894,928
0.008913481106010396,5,94,98,115,153,169,202,219,234,269,280,327,379,470,472,488,514,515,524,558,563,565,659,730,784,792,805,926,932,955
0.0010296453448664215,92,186,275,278,292,298,318,341,345,363,381,389,393,410,532,537,555,675,690,698,751,829,861,863,913,958,963,967,978,984
0.0028780530383642603,99,196,267,269,278,298,381,395,415,542,555,563,576,659,675,690,698,751,798,805,814,828,842,859,873,883,926,932,963,978
0.0024253738747468524,33,83,103,129,144,254,267,340,349,351,395,407,415,426,474,566,643,659,674,689,701,727,740,814,840,847,853,855,859,883
0.002780117704349119,1,164,177,179,196,199,208,233,261,356,431,451,548,585,590,594,643,644,648,653,722,752,760,762,837,854,875,883,894,895
0.006406458904125589,34,46,213,234,235,264,291,340,349,410,436,440,447,470,488,514,515,521,575,631,643,703,725,736,739,747,749,786,913,953
0.0076577529246569616,9,33,43,136,162,184,190,224,264,323,332,349,470,488,501,514,515,524,527,553,559,565,568,643,696,703,786,806,823,840
0.005755463740422994,63,129,164,170,186,300,324,340,357,358,398,432,474,516,590,594,632,653,665,701,717,727,854,855,869,880,933,958,963,974
0.011219147569832147,13,33,34,39,99,110,117,186,203,248,388,401,406,409,426,532,537,542,689,697,713,717,775,791,795,798,828,840,842,863
0.00410274978979948,5,8,83,90,94,98,110,117,136,153,162,202,223,323,474,501,527,626,696,730,740,761,775,791,795,798,842,855,859,928
0.010212524392599558,54,94,98,169,177,219,223,318,329,334,341,342,345,404,424,436,456,521,535,540,615,663,684,708,742,749,762,883,894,980
0.01135771240835472,5,90,153,164,170,177,196,202,324,351,356,407,431,432,548,563,576,602,626,627,632,730,755,847,894,926,928,932,957,974
0.0028873424110200797,33,46,110,115,117,132,135,146,186,269,280,349,426,434,438,472,575,627,677,686,689,694,713,747,784,805,840,913,939,955
0.007982066366568888,87,120,136,166,234,235,275,280,298,340,381,389,410,434,438,440,457,511,632,657,698,751,852,914,955,958,963,970,974,978
0.00044484880986547727,103,146,160,169,196,269,298,340,347,357,370,376,379,381,563,566,576,643,657,671,698,751,805,847,853,926,932,943,958,963
0.001564519335096055,8,49,83,90,132,135,146,160,170,261,446,626,627,631,644,659,677,686,689,694,713,736,739,740,761,875,883,895,928,939
0.00224926184687221,33,43,103,146,160,169,210,224,340,347,349,403,426,456,566,598,615,621,622,623,624,643,667,677,689,786,823,840,853,883
0.0005502503507255401,9,33,87,162,169,280,323,324,349,426,434,438,511,555,632,659,665,675,689,690,696,840,914,933,939,966,970,974,987,994
0.007681334348299622,76,103,110,169,210,278,291,347,393,401,403,460,466,532,537,566,659,661,775,782,791,795,798,829,842,853,859,863,873,984
0.0032382909528741385,43,184,199,210,300,332,347,358,398,403,434,456,460,553,559,585,615,624,684,744,752,806,823,877,883,913,966,984,987,994
0.006434795344943693,12,92,100,158,186,223,248,277,370,376,379,393,409,436,467,521,663,671,674,675,724,749,750,829,861,913,919,925,943,967
0.004741068540721293,5,54,90,94,98,135,146,153,160,168,170,186,202,269,291,324,342,530,535,626,667,677,730,805,913,918,928,953,955,974
0.011033929267047998,8,46,49,153,169,170,324,357,436,446,467,521,548,575,631,632,665,736,739,740,747,749,750,761,837,895,919,925,933,974
0.00038495284263406006,8,13,83,85,129,130,169,213,337,406,436,447,474,496,521,562,564,701,725,732,740,749,802,825,828,855,883,948,949,996
0.0007549572685024738,8,13,49,83,164,170,177,208,324,406,432,460,474,496,516,542,548,590,594,632,653,661,665,740,761,802,828,854,855,974
0.004102749789799615,49,76,92,100,169,170,219,324,393,404,446,466,555,675,690,720,724,782,785,829,861,873,879,883,895,908,945,966,967,974
0.0054357650930610705,85,100,130,137,186,213,223,351,393,407,436,447,467,521,562,724,749,750,755,825,828,829,847,913,919,925,948,949,957,996
0.0010758025838455798,12,34,39,63,100,137,144,203,223,241,248,254,409,448,467,482,697,717,727,750,798,842,859,869,880,913,919,925,980,992
0.0007864004619495485,8,12,49,63,83,158,164,169,179,208,277,357,358,370,376,379,474,590,594,653,659,671,740,761,854,855,869,880,943,992
0.0008510670668995631,33,100,110,117,119,132,168,186,223,236,349,424,426,530,627,643,689,694,713,742,775,791,795,798,832,840,913,918,939,980
0.0005535428095039478,43,76,103,190,219,351,404,407,456,466,470,488,514,515,524,565,566,568,615,624,659,684,720,742,782,785,823,847,853,883
0.0010442775839825955,5,9,94,98,153,190,219,264,300,398,404,511,514,515,524,565,568,575,598,621,631,657,703,720,730,739,786,883,914,970
0.007867246135148658,34,63,184,190,300,332,358,381,398,424,434,515,524,553,565,568,598,615,621,622,684,698,742,751,869,880,913,958,963,980
0.002332281774871006,13,34,129,170,213,324,337,340,406,447,496,516,643,701,717,725,727,732,795,798,802,828,842,859,873,913,953,958,963,974
0.0002893203154802194,13,34,129,146,158,213,357,370,376,379,406,436,447,467,496,516,521,542,671,701,717,725,727,732,749,802,828,913,943,953
0.004093801620399259,19,34,39,43,54,144,168,203,224,241,248,254,264,267,342,395,409,415,530,535,674,697,703,786,814,823,883,918,919,925
2.347390826704498e-06,9,34,103,170,184,210,219,291,324,332,347,357,401,403,404,434,537,553,559,566,632,665,720,806,853,913,933,953,974,994
0.0010287260715666374,103,158,169,179,278,298,347,356,357,370,376,379,381,407,431,446,451,566,671,698,760,837,847,853,883,895,933,943,978,984
0.0015923428563951161,1,9,34,63,177,199,203,248,264,300,358,398,409,436,467,511,521,585,703,750,752,762,786,869,880,894,913,919,925,994
0.0031034973635076296,34,100,186,199,213,351,393,407,447,516,532,562,564,566,585,590,653,724,725,732,744,749,755,829,847,853,877,948,949,984
0.005354877747636049,54,179,196,278,298,342,356,357,370,376,431,451,460,535,540,576,632,659,661,663,665,671,708,760,837,883,933,943,978,984
0.005330390930404359,34,90,132,202,210,234,235,275,280,300,347,358,398,401,403,410,440,470,488,514,532,537,626,627,689,730,863,913,928,939
0.0019006141630287523,9,76,87,92,158,264,277,376,379,395,404,438,466,511,555,659,661,674,675,690,720,782,785,859,861,873,883,914,967,970
0.006869140831845144,8,83,110,117,129,233,254,261,340,349,474,643,644,648,659,701,722,740,751,775,791,795,798,840,842,855,875,883,958,963
0.004315420284727762,5,94,98,100,117,135,146,160,219,223,351,404,407,424,602,659,677,684,686,694,713,720,724,742,755,785,847,883,957,980
0.00209171486258226,12,63,100,164,177,223,318,329,334,341,345,358,363,393,432,516,532,590,594,653,659,724,725,732,829,854,863,869,880,992
0.0044449862773636006,5,87,92,94,98,153,199,219,269,280,404,438,548,555,562,564,659,675,690,720,730,744,805,861,877,914,949,955,967,994
0.0014366742215849498,54,169,170,196,278,298,324,334,356,381,431,432,451,535,540,576,632,663,665,698,708,751,760,837,933,963,967,974,978,984
0.007982066366568888,76,169,196,233,269,278,292,318,324,329,334,341,345,363,460,466,563,576,644,648,661,715,722,782,805,875,883,926,932,984
0.002154688757012177,8,12,49,83,144,169,241,248,254,267,337,395,409,415,436,446,448,467,474,482,496,740,750,761,802,814,883,919,925,992
0.006434888774195028,34,85,119,129,130,132,137,179,208,236,530,562,594,602,627,689,701,717,727,825,832,854,913,918,928,939,948,949,953,996
0.004635257688112432,9,19,34,39,87,99,137,144,186,241,254,303,304,319,327,388,415,448,511,542,553,558,559,697,792,806,814,825,914,970
0.0016790368456949852,5,94,98,110,117,153,162,166,169,202,219,269,280,323,527,563,696,730,775,791,795,798,805,842,852,883,926,932,943,955
0.004093801620399259,85,119,130,137,169,186,213,236,424,436,447,448,456,467,521,602,615,624,684,725,742,749,750,755,825,832,948,949,957,996
0.006963398709531204,5,12,63,94,98,153,196,219,234,235,264,356,358,404,431,451,470,488,514,515,524,565,659,690,703,720,760,869,880,883
0.0021211339758923516,46,115,203,248,409,424,432,436,456,467,472,521,548,575,615,624,684,742,747,750,784,823,908,919,925,945,966,987,994,996
0.0001533269675648,12,34,63,110,117,135,186,291,381,401,436,467,482,521,532,537,686,694,698,713,749,750,751,775,791,863,869,880,919,992
0.0011523772578994457,9,19,39,43,199,203,210,224,248,264,300,303,304,319,398,403,409,548,562,564,585,657,697,703,744,752,786,823,852,877
0.006810976331027878,43,164,169,190,224,233,261,456,516,524,565,568,590,598,615,621,622,623,624,644,648,653,684,722,732,823,840,854,875,883
0.003016653154677516,1,34,103,177,199,210,213,291,347,401,403,436,447,467,521,532,537,548,566,585,725,732,749,751,752,762,853,863,894,953
0.0026366594899481315,5,8,49,83,85,92,94,98,137,144,153,169,219,241,254,446,448,474,540,594,659,663,708,730,740,761,825,861,967,996
0.0006497072979901211,110,117,129,136,278,298,323,357,381,474,501,555,665,675,690,698,701,717,727,751,775,791,795,855,933,953,958,963,978,984
0.009817450462571766,8,49,76,103,137,144,169,210,241,254,347,403,415,446,448,466,566,661,720,760,761,782,785,814,825,837,853,854,883,895
0.004115698766367239,19,39,43,117,136,199,203,210,224,248,300,303,304,319,398,403,409,456,501,562,564,585,624,697,703,744,786,823,877,949
0.0022450425481594597,54,100,158,168,186,213,223,342,357,370,376,379,393,436,447,460,467,521,530,535,671,724,725,749,750,829,913,918,933,943
0.0007381396925881073,12,33,63,169,196,340,349,358,426,431,576,643,659,689,690,724,798,829,840,842,859,869,873,879,880,908,926,932,945,966
0.0008114825709316442,13,76,234,235,278,337,356,401,406,446,451,460,470,488,496,514,515,524,565,659,661,760,782,802,828,837,883,895,978,984
0.0019510081537519606,8,49,85,90,130,132,137,169,210,241,300,347,358,398,403,446,448,516,627,659,732,760,761,825,837,895,928,939,948,996
0.007553291814853496,33,92,110,117,132,135,186,264,291,340,349,401,426,537,555,643,675,677,686,689,690,694,713,775,840,861,913,939,953,967
0.001436674221584989,19,43,92,136,184,199,224,303,304,319,456,548,553,555,559,562,564,585,615,624,675,690,697,744,786,806,823,861,877,949
0.0001210969575601971,34,76,87,94,98,162,219,323,404,438,466,511,527,696,720,782,785,852,859,873,879,908,913,914,945,957,966,970,987,994
0.008214789333782427,1,9,13,19,39,99,100,177,203,303,304,319,329,388,406,432,511,542,548,559,697,724,752,762,806,828,829,894,914,970
0.0028116199552488392,1,34,103,210,278,298,300,340,347,381,398,401,403,537,698,717,727,751,752,863,879,908,913,945,958,963,966,978,987,994
0.003257292668509613,43,103,158,169,184,224,264,277,332,351,376,379,395,407,434,553,559,566,624,659,661,674,694,703,713,786,806,823,847,853
0.0010442775839826933,33,99,186,196,269,277,292,318,327,329,334,340,341,345,349,363,388,403,558,563,576,643,659,751,792,840,926,932,958,963
0.002475961292597028,1,9,12,19,39,63,177,203,223,248,303,304,319,329,334,409,424,432,482,511,548,697,742,762,869,880,894,970,980,992
7.123034655345982e-05,5,85,94,98,119,130,137,153,179,219,236,241,269,280,448,563,602,659,730,755,805,825,832,883,926,932,948,955,957,996
0.0033163214618894743,5,34,94,98,162,166,190,291,303,304,319,393,401,488,514,515,524,527,532,537,553,559,565,568,598,657,696,806,852,863
0.005901422954424586,120,144,164,179,196,208,233,241,254,267,356,395,415,431,448,451,457,590,594,648,653,659,715,722,760,814,837,854,883,895
0.009283854603698275,9,46,76,87,160,169,190,264,404,438,466,511,568,575,598,621,622,623,631,661,667,720,736,739,747,782,785,883,914,970
0.008357143063184752,19,39,110,120,166,203,223,248,277,303,304,395,409,424,457,615,657,674,684,697,715,742,775,791,795,798,852,913,925,980
0.000557690109219938,19,39,43,186,203,224,233,254,261,303,304,319,456,460,624,644,648,697,722,775,786,791,795,798,823,842,859,873,875,883
0.006353399539527487,43,146,160,184,186,190,224,332,337,406,434,456,482,496,553,559,598,621,622,623,624,659,667,786,802,806,823,958,963,992
0.00020942277933466496,34,46,164,170,179,186,208,291,318,324,329,334,341,401,516,532,537,575,590,594,631,632,653,732,739,747,755,854,863,974
0.00935832991587589,43,117,135,146,158,184,224,233,261,319,332,434,456,553,559,624,644,648,659,677,686,694,703,713,722,786,806,823,875,883
0.0009563781002742872,120,164,169,179,196,208,233,324,356,357,370,431,451,457,576,590,594,632,648,653,659,665,671,715,722,760,837,854,933,974
0.0018049967740487731,54,76,130,168,169,196,199,208,342,356,404,431,451,466,530,535,562,564,720,744,760,782,785,837,877,883,895,918,948,949
0.008666493232655921,43,103,169,210,234,278,298,300,347,381,398,403,456,460,470,488,514,515,524,565,568,615,624,684,698,742,823,883,978,984
0.010831935248956197,9,19,85,87,130,136,137,162,184,291,303,304,319,323,501,511,527,553,559,562,696,697,806,825,914,948,949,953,970,996
0.0005372947406691095,19,34,39,85,103,130,186,210,291,303,304,319,347,401,403,537,559,562,564,566,697,744,806,853,863,877,939,948,949,953
0.001120925626001802,8,46,49,98,135,146,160,169,219,393,404,446,466,575,621,622,623,631,659,667,677,720,736,739,740,747,761,782,785,895
0.010650800983360537,12,19,100,135,146,160,186,223,303,304,319,337,340,349,393,482,496,559,623,643,667,677,686,694,724,802,806,829,913,992
0.0012734742154596427,5,43,110,117,120,136,153,166,248,409,456,457,467,501,615,624,684,713,715,730,742,750,775,791,795,798,823,842,919,925
0.003985657216714599,119,170,190,236,278,291,298,324,381,401,460,537,598,602,621,622,623,659,667,698,701,755,832,855,863,883,953,957,978,984
0.0010442775839825955,34,46,87,90,115,132,202,210,234,235,275,280,389,410,426,438,440,470,472,488,626,627,689,747,784,805,913,928,939,955
0.002979519918454778,1,8,49,76,136,162,164,177,323,329,334,446,460,501,516,527,585,590,653,661,696,732,740,752,761,762,782,837,894,895
0.009343084741576878,5,83,94,98,129,153,158,164,169,219,267,277,351,376,379,395,404,407,474,602,659,674,701,727,740,755,847,855,943,957
0.00119485721703696,8,12,49,63,83,94,98,169,219,275,292,318,345,363,389,404,410,440,466,474,482,537,720,740,761,785,869,880,883,992
0.0017529905393662965,63,129,137,144,164,213,241,254,291,358,401,415,447,448,501,516,590,653,657,701,717,725,727,732,749,814,869,880,945,953
0.007660863400781385,8,33,83,120,129,164,166,177,208,329,334,341,349,426,432,457,474,527,548,594,643,701,715,740,762,840,852,854,855,894
0.006700148075014262,5,12,63,90,110,117,135,153,202,267,269,482,563,576,626,659,677,686,694,713,730,805,869,880,883,926,928,932,955,992
0.006489121529264658,5,8,49,83,90,94,135,146,153,160,169,202,337,406,474,482,496,564,626,659,677,686,694,713,730,740,761,802,855,992
0.008207319320938187,34,46,186,213,267,291,395,401,415,436,447,467,516,521,575,631,674,686,694,713,717,725,727,732,736,739,747,749,814,953
0.0035854712424076207,43,90,119,153,168,169,190,202,224,236,456,530,565,568,598,615,621,622,623,624,626,627,667,730,786,823,832,883,918,928
0.0023833310858261776,76,87,103,169,224,264,351,404,407,438,466,562,564,566,659,661,703,720,782,785,786,847,853,859,873,879,908,914,945,949
0.0008148131127820059,1,115,164,169,179,199,208,269,327,472,558,563,564,576,585,590,594,653,659,744,752,762,784,792,805,854,877,926,932,955
0.0013847815261233518,43,136,166,213,370,376,436,447,456,457,467,501,521,527,615,624,684,725,742,749,750,823,852,908,919,943,945,966,987,994
0.0012807562473766498,63,169,170,179,196,208,298,300,324,356,357,358,381,398,431,451,576,594,632,665,760,854,869,879,880,883,926,933,974,978
3.2076662852738866e-05,5,9,43,90,92,94,98,110,117,153,186,202,224,264,555,626,659,675,690,694,703,713,730,775,786,791,795,814,861,967
0.006614127804736495,49,90,132,162,202,275,291,292,318,323,345,363,389,410,440,446,501,555,626,627,657,689,696,730,761,837,895,928,939,953
0.002747773614000064,34,46,184,186,298,332,381,424,434,456,553,559,575,615,631,684,736,739,742,747,775,791,795,798,806,842,859,873,879,978
0.004560313107187085,13,90,99,132,196,235,275,292,356,363,376,388,389,406,410,431,440,451,542,576,626,627,659,689,760,828,837,883,928,939
0.008500822316036846,76,100,119,168,169,234,235,236,275,292,363,389,393,410,440,460,466,530,532,537,659,661,720,724,782,785,829,832,863,918
0.010268874264110472,8,54,83,85,129,130,169,340,342,349,474,535,540,562,643,659,663,698,701,708,740,751,825,855,948,949,958,963,994,996
0.0010287260715666374,19,39,130,186,203,248,291,351,358,393,401,409,532,537,562,564,602,659,697,744,755,863,880,919,925,948,949,957,966,987
0.001031843045127013,13,99,100,164,169,179,208,223,234,235,275,292,388,389,406,410,424,440,470,542,594,627,717,724,742,828,854,883,928,980
0.0012924685007322829,1,13,39,49,99,177,203,248,329,388,406,409,424,432,436,446,467,542,548,684,742,750,752,761,762,828,894,895,919,925
0.0020004188112723357,19,39,43,135,136,146,160,219,224,264,323,404,466,501,555,621,622,623,667,675,677,690,697,703,720,782,785,786,823,953
0.007552087015270182,100,136,162,278,323,393,436,460,467,501,521,527,532,537,696,724,749,750,829,842,859,863,873,879,908,919,945,966,984,987
0.00744534809314283,76,92,169,170,179,269,324,357,460,466,540,563,576,632,659,661,663,665,671,675,782,785,805,861,926,932,933,955,967,974
0.006434795344943693,34,54,144,164,168,186,213,241,254,267,291,342,395,401,415,426,447,448,516,532,535,537,540,590,653,708,725,732,814,863
0.0034564280752913193,100,186,223,278,298,351,381,393,407,460,602,698,724,744,750,755,829,847,877,879,908,913,919,945,957,966,978,984,987,994
0.0027647470275280737,34,99,160,169,190,196,298,327,340,381,388,431,542,558,563,568,576,598,621,622,623,643,667,698,751,792,926,932,958,963
0.002905128906044062,1,9,103,164,177,179,199,208,210,291,300,347,398,401,403,532,537,585,590,594,653,659,752,762,854,863,877,883,894,953
0.007982066366568829,5,46,94,98,170,179,219,261,356,404,431,446,451,548,575,631,659,720,736,739,760,785,837,879,895,908,945,966,987,994
0.004341985658434756,33,46,115,158,349,356,379,426,431,434,446,451,472,575,659,689,747,760,784,837,840,879,883,895,908,939,945,966,987,994
0.0009910392907374601,19,46,76,115,186,224,234,235,264,275,292,303,304,319,363,389,410,440,466,472,559,575,697,703,747,782,784,786,913,953
0.002990049717104568,120,129,166,213,324,357,370,436,447,457,467,521,632,657,665,671,701,715,717,727,749,750,852,855,863,913,919,925,933,974
0.0026697070675564,115,158,164,169,179,196,208,327,356,357,370,376,379,431,472,558,563,576,590,594,653,671,784,792,854,883,926,932,933,943
0.00498074918308438,8,12,33,49,83,169,179,208,318,329,334,337,341,345,349,370,426,446,482,496,643,671,740,761,802,840,883,895,943,992
0.0030605720788908254,76,115,135,146,160,219,269,277,280,327,404,438,466,472,558,563,659,667,677,686,694,720,782,784,785,792,805,883,932,955
0.00028951422861087605,5,87,90,94,98,136,153,162,202,219,234,235,275,280,323,389,410,438,440,470,488,501,511,527,626,696,730,914,953,970
0.0028781153245318086,13,76,110,117,169,337,356,406,431,446,451,460,466,482,496,661,674,694,713,760,775,782,785,791,795,802,837,883,895,984
0.004071932364496454,9,85,87,130,136,184,280,323,332,340,349,434,438,501,511,553,555,562,564,643,675,690,825,914,948,949,958,963,970,996
0.013328009352064312,1,33,49,119,132,168,169,199,236,426,446,451,530,564,585,590,689,744,752,760,761,762,832,837,840,877,883,895,918,939
0.0018949406001705046,33,34,100,103,186,223,292,318,329,334,340,341,345,349,351,363,389,393,407,426,566,643,724,751,829,840,847,853,958,963
0.0017375423865441724,1,19,39,43,119,199,203,236,248,303,304,388,409,432,456,548,585,602,615,624,684,697,742,752,762,823,832,894,925,957
0.0033570055895401265,33,87,92,137,144,169,241,254,280,340,349,426,438,448,511,540,643,659,663,708,825,840,861,879,914,955,958,967,970,996
0.0007210768195214194,8,49,92,158,203,277,278,298,370,376,379,381,395,446,540,659,663,674,698,708,740,761,837,861,883,895,943,967,978,984
0.0024759854547437513,33,34,92,132,190,349,393,401,426,524,532,537,540,565,568,598,621,622,623,627,643,663,689,708,840,861,863,913,939,967
0.0012153528942075173,34,76,162,166,323,393,436,467,521,527,532,537,661,696,750,782,791,795,798,829,842,852,859,863,873,879,908,913,919,925
0.0010275645588484655,85,100,119,137,144,168,169,184,223,236,241,303,304,319,424,448,530,553,559,724,742,806,825,829,832,883,918,945,980,996
0.001699578737464863,5,34,90,129,132,153,202,235,261,275,292,345,351,363,389,407,410,440,626,627,644,701,717,727,730,736,875,913,928,953
0.001959635693016769,46,115,129,170,186,203,248,324,357,409,436,467,472,575,632,659,665,701,717,727,742,747,750,784,855,859,919,925,933,974
0.0015139862263334161,5,12,63,94,98,153,169,196,202,356,431,451,482,576,626,730,869,873,879,880,883,908,926,932,945,949,966,987,992,994
0.002522789347210359,92,132,158,184,186,277,291,303,304,319,332,357,370,376,379,401,537,540,553,559,663,671,708,806,861,863,913,943,953,967
0.002055126887045402,33,54,85,130,132,169,208,269,342,426,535,540,562,563,564,576,627,663,689,708,744,805,883,926,932,939,948,949,955,996
0.0010306982353019154,1,119,177,179,236,269,278,298,381,432,460,548,563,576,585,602,661,698,752,755,762,805,832,894,926,932,955,957,978,984
0.0017316634926630302,100,130,213,223,351,393,407,424,432,436,447,516,521,548,562,564,566,661,724,725,732,744,749,755,829,847,853,948,949,980
0.0029617504137117554,100,115,186,213,223,275,292,318,327,340,341,345,363,389,393,410,447,472,521,558,659,724,725,732,749,784,792,829,958,980
0.004750418035686366,12,87,169,184,199,269,280,298,332,337,381,434,438,482,496,553,563,564,585,659,698,744,802,805,877,955,966,987,992,994
0.005332269383391358,19,34,39,120,166,203,234,248,298,381,409,424,456,457,470,488,514,515,524,565,568,615,657,684,697,698,715,742,852,980
0.002917619587323182,119,158,168,169,236,267,269,277,280,340,379,381,395,530,563,643,659,674,698,751,805,814,832,918,926,932,955,958,963,987
0.005012857780934796,34,162,170,213,323,324,347,393,436,447,467,516,521,527,532,537,598,621,622,623,632,657,696,724,725,732,749,829,863,974
0.0005066278520653842,46,76,160,169,179,184,186,190,224,264,332,434,460,568,575,598,621,622,623,631,661,667,703,717,727,736,739,747,782,786
0.0019232698950644117,164,177,208,291,329,334,337,341,393,401,406,432,482,496,516,532,537,548,590,594,653,725,732,802,854,863,953,987,992,994
0.005936038407357058,90,100,120,166,186,190,203,223,233,248,409,424,457,470,488,514,515,524,565,568,626,715,742,750,852,913,919,925,928,980
0.0021256306954157245,34,54,135,146,160,278,298,340,342,381,456,535,540,615,622,623,624,663,667,677,684,686,698,708,751,823,913,958,963,978
0.001769513285769349,34,54,76,219,254,332,342,404,415,434,456,466,535,540,615,624,663,684,708,720,782,785,798,823,842,859,873,879,908,913
0.001815816284588881,34,39,85,120,130,137,186,203,233,241,248,269,280,409,438,448,457,467,648,697,715,722,750,805,825,919,925,948,955,996
0.007270236306205103,119,168,213,223,236,324,357,370,424,447,516,530,590,615,632,653,659,665,671,684,717,725,732,742,832,883,918,933,974,980
0.001140510651819969,8,49,90,92,132,169,170,324,388,426,446,540,621,622,627,632,659,663,665,689,740,761,837,861,895,928,933,939,967,974
0.00025882336660586365,34,43,76,92,186,190,224,264,404,460,466,514,515,524,555,565,568,598,621,661,675,690,703,720,782,785,786,861,967,984
0.00408310757447828,137,162,166,169,269,278,298,381,460,527,563,576,657,696,698,751,805,852,873,879,908,926,932,945,955,966,978,984,987,994
0.0013095110164660787,9,19,39,85,87,100,137,203,233,241,248,261,409,432,448,511,548,644,648,697,722,724,750,825,875,914,919,925,970,996
0.009378693107724568,63,85,130,179,196,208,278,300,356,358,398,431,451,460,562,576,594,659,869,880,883,908,926,932,945,948,949,978,984,996
0.0042336786685557475,43,76,103,169,210,224,234,235,275,278,298,347,403,410,440,456,460,470,488,514,566,624,659,661,703,786,823,853,978,984
0.002121137059976049,34,90,184,186,261,264,291,319,332,553,559,626,631,644,703,736,739,775,786,791,795,798,806,842,859,873,875,879,928,953
0.0016635185254049144,13,49,99,169,170,213,324,388,404,406,446,451,516,542,632,659,665,720,725,732,760,761,785,828,837,895,966,974,987,994
0.005435702806893523,13,19,34,39,119,144,203,236,241,248,254,267,303,304,319,395,409,415,424,448,602,615,684,697,742,814,832,913,918,980
0.0005109495896957208,13,85,99,130,137,196,213,356,388,406,431,447,451,516,521,542,562,659,725,732,749,760,825,828,837,883,895,948,949,996
0.002352797668391864,13,90,99,132,186,202,269,275,280,292,318,345,363,388,389,410,438,440,542,558,563,626,627,730,805,828,883,928,939,955
0.0022450425481596267,76,92,169,170,203,248,324,409,424,456,540,615,624,632,661,663,665,684,686,694,708,713,742,861,883,919,925,967,974,980
0.0016866065013359077,33,34,54,132,186,234,235,264,291,340,342,349,401,426,440,470,488,514,515,524,535,540,643,663,689,703,708,840,939,953
0.0028810347157179933,5,94,98,129,135,136,146,153,160,202,210,219,291,300,398,401,403,404,501,665,667,677,686,701,717,720,727,730,933,953
0.011604255160608465,83,90,115,129,132,202,327,472,474,558,626,627,701,727,730,784,792,855,859,873,879,883,908,913,928,939,945,966,987,994
0.007982066366568829,33,34,110,115,117,129,132,340,349,426,472,566,643,689,701,717,727,747,775,784,791,795,798,840,842,853,859,913,939,953
0.0034841764407654227,5,92,94,98,153,169,202,219,235,275,292,345,363,389,410,424,440,456,540,615,624,659,663,684,708,730,742,823,861,967
0.0009455336272046256,5,83,90,94,115,129,153,190,202,327,472,474,488,514,515,524,558,565,568,598,626,659,701,727,730,784,792,829,855,883
0.003985657216714437,8,49,83,103,169,208,340,349,351,357,370,407,446,474,566,632,643,659,665,671,740,751,761,847,853,933,943,958,963,974
0.003704701216294122,33,132,146,158,160,169,196,210,277,300,347,356,358,376,379,395,398,403,426,431,451,627,674,689,760,837,840,883,895,939
0.006580857457366473,43,54,90,169,170,202,224,342,456,535,540,624,626,627,663,703,708,730,749,786,791,795,798,823,842,859,873,879,883,928
0.0017936499691623402,8,49,83,120,135,137,144,166,184,241,254,332,415,434,448,457,460,474,527,553,559,659,715,740,761,806,825,852,855,883
0.0010671566083972647,100,146,160,169,210,223,278,298,300,347,358,393,398,403,424,460,598,621,622,623,659,661,667,677,724,829,925,978,980,984
0.0006450087292096632,12,63,90,100,132,186,190,223,303,304,319,358,393,524,559,565,568,598,621,622,623,627,724,806,829,853,869,880,913,928
0.0062169702874844855,19,39,115,135,146,158,160,186,203,248,277,327,379,393,409,472,532,537,558,667,677,697,750,784,792,829,863,913,919,925
0.013061796991175567,158,169,196,213,233,261,277,356,370,376,379,431,447,451,516,576,590,644,648,653,659,671,674,722,725,732,760,875,926,943
0.0013847815261233518,9,19,39,87,120,170,203,224,233,248,303,304,324,357,409,511,632,648,657,665,671,697,715,722,913,914,925,933,970,974
0.0069772904885711685,13,76,99,110,196,269,278,298,388,460,542,558,563,576,659,661,775,791,795,798,805,828,842,859,883,894,926,932,978,984
0.0008234201018741983,9,46,87,110,117,169,184,264,267,332,395,415,434,511,553,559,575,631,659,661,674,703,713,736,739,747,806,814,914,970
0.0069431867472606445,87,115,186,280,327,340,349,381,432,438,472,566,643,698,751,784,792,840,873,879,908,914,945,955,958,963,966,970,987,994
0.0002895142286104876,33,120,132,166,269,292,318,329,334,341,345,349,363,426,432,457,563,576,627,657,689,715,805,840,852,926,928,932,939,955
0.004178267705354497,34,186,190,264,278,291,298,351,381,401,407,470,488,514,515,524,565,568,602,698,703,751,755,847,953,957,958,963,978,984
0.00032088926358864975,1,19,34,39,92,100,199,223,303,304,319,424,540,559,585,663,697,708,724,744,752,762,806,840,861,877,894,913,967,980
0.010943974739910893,63,87,94,98,219,269,280,318,329,334,341,357,358,404,438,566,659,665,671,720,785,805,853,854,869,880,883,914,933,955
7.965737313414649e-05,5,8,12,83,94,98,153,202,219,223,337,474,482,496,659,701,730,740,795,798,802,842,855,859,873,879,883,908,945,992
0.0047700045631468915,12,269,280,332,337,340,370,434,438,482,496,563,659,671,698,751,802,805,883,908,932,943,945,955,958,963,966,987,992,994
0.00024187879068920763,76,162,166,190,278,323,356,431,446,451,460,527,568,598,621,622,623,659,661,667,696,760,782,837,852,883,895,933,978,984
0.0018646592713475623,9,87,162,166,199,213,264,436,447,511,516,521,527,562,564,585,653,657,696,725,732,744,749,752,852,877,913,914,949,970
3.5788353331654425e-05,33,54,135,136,144,146,168,186,196,254,267,340,342,349,356,415,426,431,451,530,535,576,643,677,751,760,814,840,958,963
0.000991039290737478,9,34,99,177,184,219,291,318,327,329,332,334,341,345,388,404,434,511,542,553,558,720,762,785,792,806,894,913,914,970
0.003779366189524265,1,43,90,129,132,136,164,177,224,318,323,329,334,341,501,555,590,594,626,627,675,690,703,717,727,762,786,854,894,928
0.007370036417112356,5,120,144,164,166,179,208,241,254,267,269,280,332,395,415,434,438,448,457,563,594,657,715,805,814,852,854,883,932,955
0.005221240996882448,34,43,119,168,186,224,236,275,278,292,298,318,334,341,345,363,381,389,456,460,530,624,698,751,823,832,918,963,978,984
0.0014366742215848026,5,9,87,94,119,153,158,168,169,179,186,202,208,277,342,357,370,376,379,438,511,530,626,671,730,832,914,918,943,970
0.0031859442914009307,85,119,130,137,144,169,223,236,241,248,409,424,436,448,467,521,602,615,684,742,750,825,832,913,918,919,925,957,980,996
0.011588345368408795,9,12,76,169,179,208,224,235,264,275,292,337,345,363,389,410,440,466,482,496,511,594,659,661,703,782,786,802,970,992
